命题名称,分类,序号,技术要点,核心规则,模拟类型,状态,等级,预估工时(天),模板
康威生命游戏,涌现与自组织,1,Canvas 2D网格渲染，支持绘制/暂停/步进/速度调节,4条生死规则：孤独死、拥挤死、存活、繁殖,交互叙事,待开发,S级,5,
Langton蚂蚁,涌现与自组织,2,Canvas逐步渲染，可调速度,2条转向规则，约1万步后涌现高速公路,可调参数模拟,待开发,A级,2,
Boids鸟群模拟,涌现与自组织,3,Canvas粒子系统，可调三个参数权重,分离、对齐、聚合三条规则产生群体行为,可调参数模拟,待开发,A级,3,
蚁群觅食,涌现与自组织,4,信息素扩散与蒸发算法，Canvas渲染,信息素正反馈机制涌现最短路径,可调参数模拟,待开发,A级,3,
贝纳德对流,涌现与自组织,5,简化的2D热力学模拟，WebGL渲染,温差驱动流体自组织形成六角花纹,可调参数模拟,待开发,A级,3,
反应扩散(图灵斑图),涌现与自组织,6,Gray-Scott模型，WebGL着色器加速,两种化学物质的扩散与反应产生动物花纹,交互叙事,待开发,S级,5,
沙堆模型(自组织临界性),涌现与自组织,7,2D网格+崩塌规则，Canvas渲染,沙粒堆积超过阈值触发雪崩，系统自动趋向临界态,可调参数模拟,待开发,B级,1,
谢林隔离模型,涌现与自组织,8,2D网格Agent模拟，可调容忍度阈值,个体微小的同类偏好导致极端的群体隔离,可调参数模拟,待开发,A级,2,
幽灵堵塞,涌现与自组织,9,环形公路可视化，可调车辆密度与刹车概率,Nagel-Schreckenberg跟车模型，无瓶颈也能产生堵车,交互叙事,待开发,S级,5,
元胞自动机(Rule 30/110),涌现与自组织,10,逐行渲染，可切换不同规则编号,一维简单规则生成复杂图案，Rule 110具有图灵完备性,可调参数模拟,待开发,B级,1,
双摆,混沌与非线性,11,物理引擎或解析求解，Canvas绘制轨迹，支持多摆对比,确定性系统对初始条件极度敏感，微小差异导致完全不同轨迹,交互叙事,待开发,S级,5,
洛伦兹吸引子,混沌与非线性,12,Three.js 3D渲染，可调sigma/rho/beta参数,三个耦合微分方程产生蝴蝶形混沌吸引子,可调参数模拟,待开发,A级,3,
Logistic映射,混沌与非线性,13,分岔图绘制，可交互放大局部,x=rx(1-x) 随r增大经历倍周期分岔通向混沌,可调参数模拟,待开发,A级,2,
三体问题,混沌与非线性,14,数值积分(RK4)，Canvas/Three.js渲染轨迹，可拖拽初始位置,三个引力体的运动无解析解，轨迹混沌不可预测,交互叙事,待开发,S级,6,
Mandelbrot集,混沌与非线性,15,WebGL着色器加速渲染，支持缩放与平移,z=z^2+c 迭代是否发散定义集合边界，无限缩放仍有细节,可调参数模拟,待开发,A级,3,
Julia集,混沌与非线性,16,复用Mandelbrot着色器，切换参数,与Mandelbrot集对偶，不同c值对应不同形态的分形,可调参数模拟,待开发,B级,1,
科赫雪花与分形树,混沌与非线性,17,Canvas递归绘制，可调迭代层数,递归自相似结构，有限面积无限周长,可调参数模拟,待开发,B级,1,
费根鲍姆常数,混沌与非线性,18,配合Logistic分岔图标注常数,倍周期分岔的比值趋向通用常数4.669...,可调参数模拟,待开发,B级,1,
奇异吸引子合集(Rossler/Chen),混沌与非线性,19,Three.js 3D渲染，复用洛伦兹框架,不同混沌系统的吸引子形态各异但共享混沌特征,可调参数模拟,待开发,B级,1,
囚徒困境锦标赛,博弈与策略,20,多策略对战框架，可视化得分矩阵与历史轨迹,重复博弈中以牙还牙策略胜出，合作可以从自私中涌现,交互叙事,待开发,S级,6,
公地悲剧,博弈与策略,21,多Agent资源消耗模拟，可调Agent数量与贪婪程度,个体理性最大化导致公共资源耗竭,可调参数模拟,待开发,A级,3,
鹰鸽博弈(演化稳定策略),博弈与策略,22,种群动态图+比例滑块,种群中鹰派与鸽派的比例趋向演化稳定均衡,可调参数模拟,待开发,A级,2,
拍卖机制对比,博弈与策略,23,多人出价动画，对比不同机制最终价格,荷兰式/英式/Vickrey拍卖的策略差异与收益等价定理,可调参数模拟,待开发,B级,1,
纳什均衡可视化,博弈与策略,24,可编辑支付矩阵，高亮最优响应与均衡点,2x2博弈矩阵中双方最优响应的交点即为均衡,可调参数模拟,待开发,B级,1,
最后通牒博弈,博弈与策略,25,用户扮演分配者/接受者，对比理性预测与实际数据,理性预测接受任何正数，实验中低于30%被拒绝,交互叙事,待开发,B级,1,
演化博弈(空间囚徒困境),博弈与策略,26,2D网格着色渲染，可调诱惑收益参数,在网格上博弈并模仿邻居策略，合作区域可自发形成,可调参数模拟,待开发,A级,3,
蒙提霍尔问题(三门问题),概率与统计直觉,27,用户交互选门+批量模拟统计验证,换门胜率2/3，不换1/3，违反直觉的条件概率,交互叙事,待开发,S级,5,
高尔顿板(正态分布),概率与统计直觉,28,粒子物理模拟+实时直方图,小球经多次随机偏折后分布趋向正态,可调参数模拟,待开发,A级,2,
随机漫步与布朗运动,概率与统计直觉,29,2D粒子轨迹+均方位移统计图,每步随机方向，大量步数后扩散距离∝√t,可调参数模拟,待开发,A级,2,
大数定律,概率与统计直觉,30,掷骰子/抛硬币动画+均值收敛曲线,样本均值随样本量增大趋向期望值,可调参数模拟,待开发,B级,1,
生日悖论,概率与统计直觉,31,逐人添加可视化+理论概率曲线对比,23人中有两人同生日的概率>50%,交互叙事,待开发,B级,1,
贝叶斯定理直觉,概率与统计直觉,32,可调先验/似然滑块，面积图实时更新,先验概率+新证据→后验概率，用面积图直观理解,可调参数模拟,待开发,A级,3,
中心极限定理,概率与统计直觉,33,可选不同原始分布，叠加样本均值直方图,任意分布的样本均值分布趋向正态,可调参数模拟,待开发,B级,1,
赌徒谬误,概率与统计直觉,34,轮盘模拟+连续结果序列可视化,独立事件无记忆，连续红后黑的概率不变,交互叙事,待开发,B级,1,
辛普森悖论,概率与统计直觉,35,散点图分组/合并切换动画,分组数据趋势与合并数据趋势相反,交互叙事,待开发,B级,1,
马尔可夫链,概率与统计直觉,36,状态转移图+可编辑转移矩阵+模拟粒子,状态转移只依赖当前状态，长期趋向稳态分布,可调参数模拟,待开发,A级,2,
双缝实验(波粒二象性),物理模拟,37,Canvas粒子逐个发射+累积干涉图案，可切换单缝/双缝/观测模式,单个粒子通过双缝产生干涉条纹，观测改变结果,交互叙事,待开发,S级,7,
弹性碰撞与动量守恒,物理模拟,38,2D球体碰撞物理，可调质量与速度,碰撞中总动量与总动能守恒,可调参数模拟,待开发,A级,2,
轨道力学(引力弹弓),物理模拟,39,数值积分轨道计算，可拖拽发射角度和速度,利用行星引力加速探测器，不消耗燃料获得速度增益,交互叙事,待开发,S级,6,
拉格朗日点,物理模拟,40,旋转参考系可视化，可放置测试粒子观察稳定性,两大天体引力与离心力平衡的5个特殊位置,可调参数模拟,待开发,A级,3,
电场线与等势面,物理模拟,41,可拖拽正负电荷，实时绘制场线与等势线,电荷产生电场，场线方向与等势面垂直,可调参数模拟,待开发,A级,2,
热传导扩散,物理模拟,42,2D热力图颜色映射，可设置初始温度分布,热量从高温区向低温区扩散直至均匀,可调参数模拟,待开发,B级,1,
波的叠加与驻波,物理模拟,43,Canvas波形绘制，可调频率/振幅/相位,两列波叠加产生干涉增强/相消，驻波是特例,可调参数模拟,待开发,A级,2,
多普勒效应,物理模拟,44,运动波源+同心圆波纹动画,波源运动导致前方波长压缩后方拉伸,可调参数模拟,待开发,B级,1,
单摆与共振,物理模拟,45,可调驱动频率滑块+振幅响应曲线,驱动频率接近固有频率时振幅急剧增大,可调参数模拟,待开发,B级,1,
流体力学(卡门涡街),物理模拟,46,Lattice Boltzmann方法，WebGL加速,流体绕障碍物时交替产生涡旋,可调参数模拟,待开发,A级,3,
模拟退火,优化与搜索,47,2D地形图上搜索粒子+温度曲线,高温时接受劣解以跳出局部最优，逐渐降温收敛,可调参数模拟,待开发,A级,2,
遗传算法(进化行走生物),优化与搜索,48,简化骨骼物理+进化参数，可视化每代最优个体,选择/交叉/变异迭代优化，种群逐代进化出更好的解,交互叙事,待开发,S级,7,
A*寻路算法,优化与搜索,49,网格地图可绘制障碍，逐步展示open/closed节点,启发式搜索结合已走代价和估计剩余代价找最短路,可调参数模拟,待开发,A级,2,
旅行商问题(TSP),优化与搜索,50,可随机/手动放置城市，对比贪心/2-opt/退火算法,NP-hard组合优化，近似算法在合理时间内找到可接受解,可调参数模拟,待开发,A级,3,
梯度下降可视化,优化与搜索,51,3D损失曲面+可调学习率/动量，对比SGD/Adam等,沿损失函数梯度方向迭代逼近最小值,可调参数模拟,待开发,A级,3,
粒子群优化(PSO),优化与搜索,52,2D等高线图+粒子群运动轨迹,粒子受个体最优和群体最优吸引，群体协作找到最优解,可调参数模拟,待开发,B级,1,
迷宫生成与求解,优化与搜索,53,网格迷宫+逐步动画,DFS/Prim生成迷宫，BFS/A*求解，可视化搜索过程,可调参数模拟,待开发,B级,1,
排序算法可视化,优化与搜索,54,柱状图+交换/比较动画，对比多种算法,不同排序算法的比较次数与交换策略差异巨大,可调参数模拟,待开发,B级,1,
六度分隔(小世界网络),网络与传播,55,力导向图布局，可调rewiring概率观察路径长度变化,少量随机长连接使网络平均路径急剧缩短,交互叙事,待开发,S级,5,
疫情传播SIR模型,网络与传播,56,网络上粒子传播+SIR曲线实时图，可调传播率/恢复率,易感-感染-恢复三状态转化，R0决定是否大规模传播,交互叙事,待开发,S级,5,
谣言扩散 vs 真相扩散,网络与传播,57,双层网络对比传播动画,简单信息传播快，复杂信息需要多重确认因此传播慢,可调参数模拟,待开发,A级,3,
级联失效,网络与传播,58,电网/互联网拓扑+逐步崩塌动画,一个节点过载导致邻居过载，可引发全网崩溃,可调参数模拟,待开发,A级,3,
无标度网络(BA模型),网络与传播,59,节点逐步生长动画+度分布双对数图,优先连接导致富者愈富，度分布服从幂律,可调参数模拟,待开发,A级,2,
PageRank可视化,网络与传播,60,有向图+节点大小表示rank+随机游走粒子,随机游走者在网络中的稳态分布即为页面重要度,可调参数模拟,待开发,B级,1,
社交网络信息茧房,网络与传播,61,Agent观点空间+推荐算法参数可调,推荐算法正反馈导致信息来源越来越窄,可调参数模拟,待开发,A级,3,
易经八卦与二进制,中华智慧,62,交互式爻线翻转→实时显示二进制/十进制对照,阴爻=0阳爻=1，八卦对应0-7，64卦对应6位二进制，莱布尼茨惊叹的对应关系,交互叙事,待开发,S级,6,揭秘型
梅花易数运算可视化,中华智慧,63,输入任意数字/时间，可视化拆分取余过程,以数起卦的分类映射系统，时间/数字→上下卦→变爻→解读路径,可调参数模拟,待开发,A级,3,揭秘型
三十六计·围魏救赵,中华智慧,64,2D战场地图+兵力调配策略对比,攻击对方必救之处迫使其回援，间接博弈优于正面对抗,可调参数模拟,待开发,A级,3,对弈型
三十六计·暗度陈仓,中华智慧,65,双方信息不对称博弈模拟，雾战机制,信息不对称下的虚实博弈，明修栈道吸引注意力,可调参数模拟,待开发,A级,3,对弈型
三十六计·反间计,中华智慧,66,信息传递链路可视化+真假信息混淆动画,利用敌方间谍传递虚假信息，信息污染导致决策错误,交互叙事,待开发,B级,1,对弈型
五行相生相克,中华智慧,67,五色Agent种群模拟+比例饼图实时更新,五元素循环博弈，石头剪刀布的扩展版，种群动态趋向动态平衡,可调参数模拟,待开发,A级,2,画布型
河图洛书与幻方,中华智慧,68,可拖拽数字填入网格，实时验证行列和,3x3幻方每行每列每对角线之和相等，洛书是最早的幻方记录,交互叙事,待开发,B级,1,揭秘型
太极阴阳动态平衡,中华智慧,69,正弦振荡+阴阳面积动态变化动画,负反馈调节系统：阳极生阴、阴极生阳，系统趋向动态平衡,可调参数模拟,待开发,B级,1,图表型
围棋·势与地的博弈,中华智慧,70,简化棋盘+势力范围可视化热力图,局部最优(实地)vs全局最优(厚势)的权衡，短期收益与长期价值的矛盾,可调参数模拟,待开发,A级,3,对弈型
孙子兵法·虚实篇,中华智慧,71,兵力集中vs分散对战结果模拟,集中优势兵力攻击分散之敌，以实击虚，兰彻斯特方程验证,交互叙事,待开发,B级,1,对弈型
群体极化效应,群体心理,72,Agent观点坐标+群体讨论迭代+极化趋势图,温和观点的个体在群体讨论后变得更极端，群体放大偏见,交互叙事,待开发,S级,5,画布型
从众效应(阿希实验),群体心理,73,用户参与线段判断实验，对比独立vs群体条件下的选择,明知答案错误仍选择跟随多数人，社会压力压倒理性判断,交互叙事,待开发,S级,5,揭秘型
信息瀑布(羊群效应),群体心理,74,序贯决策模拟，展示信息瀑布形成与崩溃过程,后来者忽略私有信息跟随先行者，即使先行者的选择是错误的,可调参数模拟,待开发,A级,3,画布型
旁观者效应,群体心理,75,可调旁观者人数，展示个体出手概率与群体总救助概率,在场人数越多，个人出手帮助的概率越低(责任分散),可调参数模拟,待开发,A级,2,揭秘型
群体智慧vs群体愚蠢,群体心理,76,用户猜数+群体统计，对比独立vs互相影响条件,独立判断时群体比个体更准确(高尔顿牛重量实验)，互相影响时群体更愚蠢,可调参数模拟,待开发,A级,3,揭秘型
社会认同与制服效应,群体心理,77,场景模拟+服从率统计对比,人们倾向于服从穿制服/有权威标志的人(米尔格拉姆实验),交互叙事,待开发,B级,1,揭秘型
社会网络中的观点传播,群体心理,78,网络Agent模拟+观点翻转动画，可调坚定者比例,少数坚定者可以翻转群体观点，临界比例约25%,可调参数模拟,待开发,A级,3,画布型
邓巴数与社交圈层,群体心理,79,同心圆社交圈可视化，展示关系强度衰减,人类认知上限约150人亲密关系，圈层按5/15/50/150递增,可调参数模拟,待开发,B级,1,图表型
破窗效应,群体心理,80,城市街区Agent模拟，展示混乱传播过程,环境中的小破坏如果不修复，会引发更多破坏行为,可调参数模拟,待开发,B级,1,画布型
锚定效应,认知偏差,81,用户先看随机数再估值，批量统计揭示锚定影响,先看到的数字会影响后续估计，即使两者无关,交互叙事,待开发,S级,5,揭秘型
框架效应,认知偏差,82,用户在两种框架下分别做选择，揭示矛盾,同一事实不同表述导致不同决策（存活率90% vs 死亡率10%）,交互叙事,待开发,S级,5,揭秘型
损失厌恶,认知偏差,83,连续赌局选择+累积收益图，对比理性策略与实际选择,失去100元的痛苦≈得到200元的快乐，损失权重约为收益的2倍,可调参数模拟,待开发,A级,3,揭秘型
可得性偏差,认知偏差,84,概率猜测+真实数据对比可视化,容易想到的事件被高估概率（飞机失事vs车祸）,交互叙事,待开发,B级,1,揭秘型
确认偏误,认知偏差,85,信息筛选模拟，展示选择性接收如何固化错误信念,人倾向于搜索支持已有观点的信息，忽略反面证据,可调参数模拟,待开发,A级,3,揭秘型
沉没成本谬误,认知偏差,86,投资决策场景+理性vs实际决策对比,已投入的不可回收成本不应影响未来决策，但人们总是受其影响,交互叙事,待开发,B级,1,揭秘型
峰终定律,认知偏差,87,体验曲线可视化+记忆评分对比,体验记忆由峰值和结尾决定，而非总量（冰水实验）,交互叙事,待开发,B级,1,揭秘型
幸存者偏差,认知偏差,88,弹孔分布图交互+沃德的反直觉分析,只看到成功案例导致错误归因（二战飞机装甲问题）,可调参数模拟,待开发,A级,3,揭秘型
达克效应,认知偏差,89,自评vs实际能力散点图+经典曲线,能力越低越高估自己，能力越高越低估自己,可调参数模拟,待开发,B级,1,图表型
选择悖论,认知偏差,90,用户在不同选项数量下做选择+满意度统计,选项越多满意度反而越低，6种果酱vs24种果酱实验,交互叙事,待开发,B级,1,揭秘型
供需均衡与价格发现,经济与金融,91,可调供需弹性滑块+实时均衡点计算,供给曲线与需求曲线交叉点决定市场均衡价格,可调参数模拟,待开发,A级,3,图表型
凯恩斯选美博弈,经济与金融,92,用户猜数(0-100的2/3)游戏+纳什均衡收敛动画,不是选你认为最美的，而是选你认为大家认为最美的，层层递归,交互叙事,待开发,S级,5,对弈型
复利的力量,经济与金融,93,复利增长曲线+对比不同利率/时间,指数增长的反直觉性，72法则估算翻倍时间,可调参数模拟,待开发,B级,1,图表型
股市泡沫与崩盘,经济与金融,94,多Agent交易模拟+价格曲线+情绪指标,正反馈推动价格偏离价值→临界点触发恐慌性抛售→崩盘,可调参数模拟,待开发,A级,3,图表型
看不见的手(市场自调节),经济与金融,95,多Agent市场模拟+资源分配热力图,个体追求自身利益通过价格信号实现资源有效配置,可调参数模拟,待开发,A级,3,画布型
信息不对称(柠檬市场),经济与金融,96,买卖双方Agent模拟+市场品质退化过程可视化,买方无法区分好车坏车→出价偏低→好车退出→市场崩溃,可调参数模拟,待开发,A级,3,对弈型
蛛网模型(价格振荡),经济与金融,97,供需图上蛛网路径动画+可调弹性系数,供给滞后导致价格在均衡点周围振荡，可收敛/发散/循环,可调参数模拟,待开发,B级,1,图表型
庞氏骗局动力学,经济与金融,98,资金流入/流出模拟+崩溃时间预测,用新投资者的钱支付旧投资者回报，指数增长需求必然崩溃,可调参数模拟,待开发,A级,3,图表型
比较优势与自由贸易,经济与金融,99,两国两商品生产模拟+贸易前后对比,即使一方在所有方面都更强，分工合作仍然双赢,可调参数模拟,待开发,B级,1,图表型
银行挤兑模型,经济与金融,100,储户决策博弈+银行准备金可视化,自我实现的预言：相信银行要倒→集体取款→银行真的倒,交互叙事,待开发,B级,1,对弈型
捕食者-猎物模型(Lotka-Volterra),生物与生态,101,双种群动态模拟+相空间轨迹图+参数可调,捕食者多→猎物减少→捕食者饿死→猎物恢复，周期振荡,交互叙事,待开发,S级,5,画布型
自然选择模拟,生物与生态,102,彩色甲虫在不同背景下被捕食，可视化种群颜色演化,随机变异+适者生存+遗传，无需设计者即可产生复杂适应,交互叙事,待开发,S级,6,画布型
种群增长(Logistic增长),生物与生态,103,可调增长率与容量上限，展示J曲线到S曲线转变,初始指数增长→接近环境容量→增速放缓→S曲线,可调参数模拟,待开发,A级,2,图表型
群体免疫阈值,生物与生态,104,网络粒子模拟+疫苗接种率滑块+R0参数,免疫比例超过1-1/R0时传播链断裂，疫情无法扩散,可调参数模拟,待开发,A级,3,画布型
红皇后效应(共同进化),生物与生态,105,双种群对抗进化模拟+适应度曲线,寄生虫与宿主军备竞赛，双方必须不断进化才能维持现状,可调参数模拟,待开发,A级,3,画布型
竞争排除原则,生物与生态,106,双种群竞争曲线+参数微调展示共存条件,两个物种竞争同一生态位时，一个必然灭绝,可调参数模拟,待开发,B级,1,图表型
L-System植物生长,生物与生态,107,Canvas递归绘制+可切换不同L-System规则,简单字符串替换规则生成复杂植物形态,可调参数模拟,待开发,B级,1,画布型
趋化性与细胞迁移,生物与生态,108,浓度场热力图+粒子迁移动画,细胞沿化学浓度梯度移动，形成聚集模式,可调参数模拟,待开发,B级,1,画布型
信息熵可视化,信息论与编码,109,可调概率分布+实时计算熵值+对比不同分布,越不确定的事件信息量越大，均匀分布熵最大,可调参数模拟,待开发,A级,3,图表型
霍夫曼编码,信息论与编码,110,输入文本→频率统计→建树动画→编码对比,高频字符用短编码低频用长编码，逼近信息熵下界,可调参数模拟,待开发,A级,3,揭秘型
纠错码(汉明码),信息论与编码,111,二进制矩阵交互+故意翻转bit后自动定位纠正,通过冗余位实现错误检测与纠正，校验位定位错误位置,可调参数模拟,待开发,A级,3,揭秘型
信息压缩(RLE/LZ),信息论与编码,112,输入字符串→逐步展示压缩过程→压缩率统计,利用数据中的重复模式减少存储量,交互叙事,待开发,B级,1,揭秘型
香农通信模型,信息论与编码,113,消息传递动画+噪声强度可调+误码率统计,信源→编码→信道(噪声)→解码→信宿，噪声信道容量有上限,可调参数模拟,待开发,B级,1,图表型
RSA加密原理,信息论与编码,114,小素数演示加密解密全流程+暴力破解时间估算,大数分解的困难性保障安全，公钥加密私钥解密,可调参数模拟,待开发,A级,3,揭秘型
七桥问题(欧拉路径),数学趣题,115,可编辑图+用户尝试走路径+自动判定可行性,所有边恰好走一次当且仅当奇数度节点为0或2个,可调参数模拟,待开发,A级,2,画布型
四色定理,数学趣题,116,用户尝试涂色+AI辅助验证+地图可编辑,任何平面地图最多用4种颜色就能使相邻区域不同色,可调参数模拟,待开发,A级,3,画布型
无穷旅馆(希尔伯特旅馆),数学趣题,117,旅馆房间动画+平移/奇偶操作可视化,无穷集合的反直觉性质：满员旅馆仍可容纳新客人,交互叙事,待开发,B级,1,揭秘型
哥德尔不完备定理(直觉版),数学趣题,118,自指悖论动画+类比说谎者悖论,任何足够强的形式系统都存在不可证明也不可否证的真命题,交互叙事,待开发,B级,1,揭秘型
蒙特卡洛方法求π,数学趣题,119,Canvas投点动画+π估计值实时收敛,随机投点统计落入圆内比例≈π/4,可调参数模拟,待开发,B级,1,画布型
巴拿赫-塔尔斯基悖论(直觉版),数学趣题,120,3D动画演示拆分重组过程+解释无穷精细分割,一个球可以拆成有限块重组为两个同样大小的球,交互叙事,待开发,B级,1,揭秘型
停机问题,数学趣题,121,代码执行动画+自指矛盾可视化,不存在通用算法判断任意程序是否会停止，对角线论证,交互叙事,待开发,B级,1,揭秘型
汉诺塔,数学趣题,122,用户可手动操作+自动求解动画+步数计数,n个盘需要2^n-1步，递归分治的经典案例,可调参数模拟,待开发,B级,1,画布型
勾股定理的100种证明,数学趣题,123,交互式几何证明切换(面积法/相似法/代数法),a²+b²=c²，不同证明方法揭示同一真理的不同面,可调参数模拟,待开发,A级,3,揭秘型
不可能图形(彭罗斯三角),数学趣题,124,3D视角旋转揭示真实结构+经典不可能图形展示,2D投影可以表示3D中不可能存在的结构,交互叙事,待开发,B级,1,揭秘型
多臂老虎机问题,决策与风险,125,多台老虎机模拟+次数分配策略对比+累积收益,探索vs利用的权衡，何时该换一台机器试试运气,可调参数模拟,待开发,A级,3,对弈型
凯利赌博准则,决策与风险,126,连续赌局模拟+不同下注比例的财富曲线对比,最优下注比例=赢面概率-输面概率/赔率，负值时不应下注,可调参数模拟,待开发,A级,3,图表型
秘书问题(最优停止策略),决策与风险,127,用户参与选择实验+不同策略成功率统计对比,先观察37%的候选人然后选择第一个超过所有已观察者的人,交互叙事,待开发,S级,5,揭秘型
圣彼得堡悖论(硬币赌徒破产),决策与风险,128,多次随机游走模拟+破产率统计,公平赌博中有限资金方必然破产，即使概率对等,可调参数模拟,待开发,A级,2,图表型
期望值与方差的博弈,决策与风险,129,可调期望/方差+分布可视化对比,同期望值但不同方差的选择导致完全不同的结果分布,可调参数模拟,待开发,B级,1,图表型
信号检测论(SDT),决策与风险,130,可调阈值滑块+ROC曲线实时更新,调整判断阈值时必然在漏报和误报之间权衡,可调参数模拟,待开发,B级,1,图表型
地图投影失真,日常现象,131,多种地图投影切换+面积/形状/方向失真对比,球面无法无失真展开为平面，每种投影都牺牲某种准确性,可调参数模拟,待开发,A级,3,揭秘型
为什么飞机能飞(伯努利原理),日常现象,132,气流粒子模拟+压力分布热力图,气流速度越快压力越小，机翼上下压差产生升力,可调参数模拟,待开发,B级,1,画布型
虹虹与光的色散,日常现象,133,光线追踪动画+水滴内部光路可视化,白光经水滴折射+内反射后按波长分离形成42°弧,可调参数模拟,待开发,B级,1,画布型
为什么天空是蓝色(瑞利散射),日常现象,134,太阳光穿过大气层动画+角度可调,短波长(蓝/紫)光散射强度正比于λ^{-4}，日出日落时路径长蓝光散尽只剩红,交互叙事,待开发,B级,1,揭秘型
密码安全与暴力破解,日常现象,135,可调密码长度/字符集+实时计算破解时间,密码空间随长度指数增长，增加1位字符破解时间翻倍,交互叙事,待开发,B级,1,揭秘型
GPS三角定位原理,日常现象,136,卫星+球面交叉动画+误差圆可视化,三颗卫星信号时间差确定三个球面交点,交互叙事,待开发,B级,1,揭秘型
微波炉加热原理,日常现象,137,水分子振荡动画+不同材质反应对比,电磁波共振水分子产生热量，金属反射所以不能放,交互叙事,待开发,B级,1,揭秘型
地铁等待悖论,日常现象,138,泊松分布模拟+待等时间统计,随机到达时平均等待=半个发车间隔，但心理感知曲线非线性,可调参数模拟,待开发,B级,1,图表型
黄金比例与斜波那契数列,艺术与数学,139,自然中的φ可视化+斜波那契螺旋绘制+交互探索,1.618…出现在自然界、建筑、艺术中，斜波那契数列相邻项之比趋向φ,交互叙事,待开发,S级,5,揭秘型
分形艺术(谢尔宾斯基三角形),艺术与数学,140,递归绘制动画+可调迭代次数+多种分形切换,无限递归产生自相似结构，每个局部与整体相似,可调参数模拟,待开发,A级,2,画布型
音乐与数学(波形叠加),艺术与数学,141,波形可视化+实时音频播放+倾波分解,和弦音程是小整数比时悦耳，复杂音色是多个正弦波叠加,可调参数模拟,待开发,A级,3,图表型
彩色混合(加色vs减色),艺术与数学,142,双模式调色交互+对比结果差异,光混合(加色RGB)与颜料混合(减色CMY)规则相反,交互叙事,待开发,B级,1,揭秘型
透视与灭点(绘画数学),艺术与数学,143,3D场景→透视投影+灭点拖拽交互,平行线在透视中汇聚于灭点，射影几何的应用,交互叙事,待开发,B级,1,揭秘型
密铺问题(平面填充),艺术与数学,144,拖拽形状填充交互+埃舍尔作品展示,哪些形状可以无缝填充平面，只有特定多边形组合可以,可调参数模拟,待开发,A级,3,画布型
分形音乐生成,艺术与数学,145,分形可视化+对应音符生成+实时播放,利用分形结构生成音乐序列，自相似结构产生美感,可调参数模拟,待开发,B级,1,图表型
莫比乌斯带与克莱因瓶,数学趣题,146,3D旋转交互+沿表面爬行动画证明单面性,只有一个面和一个边的曲面，打破内外之分,交互叙事,待开发,B级,1,揭秘型
隐写术(信息藏在图片里),信息论与编码,147,用户输入消息→嵌入图片→提取洔示,修改像素最低有效位藏入信息，肉眼不可见,交互叙事,待开发,B级,1,揭秘型
混沌摄动(奇异吸引子绘画),艺术与数学,148,实时渲染奇异吸引子+可调参数+配色方案,简单微分方程生成的复杂美丽图案，确定性与美的结合,可调参数模拟,待开发,A级,2,画布型
声音的傷叶图案(克拉德尼),艺术与数学,149,频率可调+粒子振动模拟+图案演化,不同频率的声音驱动平面上的粒子形成特定几何图案,可调参数模拟,待开发,B级,1,画布型
分形维度(非整数维度),艺术与数学,150,尺度可调+测量长度实时变化+维度计算,海岸线的长度取决于测量尺度，分形的维度是小数,可调参数模拟,待开发,B级,1,图表型
布朗运动与扩散,物理模拟,151,粒子随机游走+密度分布热力图,微观随机碰撞产生宏观扩散，爱因斯坦的证据,可调参数模拟,待开发,B级,1,画布型
多普勒效应(光与声),物理模拟,152,移动声源动画+波前压缩/波后拉伸可视化,波源与观察者相对运动时频率发生变化,可调参数模拟,待开发,B级,1,画布型
光的双缝干涉,物理模拟,153,波动模拟+缝宽/间距可调+干涉图样实时更新,光同时通过两条缝形成干涉条纹，波粒二象性的核心实验,可调参数模拟,待开发,A级,3,画布型
弘恩谖论(廻徊型医院问题),物理模拟,154,递归绘制+放大显示自相似细节,函数在所有点连续但处处不可微，反直觉的存在性,交互叙事,待开发,B级,1,揭秘型
库仑勒抖动(物流堆叠),日常现象,155,圆环/条纹叠加模拟+参数可调,周期性小结构的堆叠在特定尺度下产生意料之外的抖动,交互叙事,待开发,B级,1,揭秘型
共振现象,物理模拟,156,频率滑块+振幅曲线+桥梁振动动画,外力频率接近系统固有频率时振幅急剧增大，塔科马桥崩塞,可调参数模拟,待开发,A级,2,图表型
网络效应(梅特卡夫定律),网络与传播,157,用户增长模拟+网络价值曲线+赢家通吃临界点,网络价值与用户数的平方成正比，赢家通吃,可调参数模拟,待开发,A级,2,图表型
三十六计·空城计,中华智慧,158,博弈场景模拟+开门/关门决策统计,信息博弈中的反向信号：示弱可能是强的标志(信号博弈),交互叙事,待开发,B级,1,对弈型
三十六计·苦肉计,中华智慧,159,信任博弈模拟+代价vs回报分析,以自我牺牲为信号建立信任，信号发送成本与可信度,交互叙事,待开发,B级,1,对弈型
六度分隔与小世界网络,网络与传播,160,网络生成+路径搜索动画+添加快捷连接效果,任意两人之间平均只隔6步连接，少量远程连接大幅缩短路径,可调参数模拟,待开发,A级,3,画布型
马太效应(贫富分化动力学),经济与金融,161,多Agent财富分配模拟+基尼系数实时计算,富者愈富穷者愈穷，优势累积导致指数级不平等,可调参数模拟,待开发,A级,3,图表型
拍卖理论(不同拍卖机制),经济与金融,162,多种拍卖模式对比+出价策略模拟,英式/荷兰式/密封式拍卖产生不同行为但收入等价(收入等价定理),交互叙事,待开发,B级,1,对弈型
反向传播神经网络,信息论与编码,163,可视化神经网络训练过程+权重变化动画+手动调参,多层感知器通过梯度下降学习，每个神经元只做简单计算但组合产生智能,可调参数模拟,待开发,A级,3,揭秘型
大数定律与小数定律,概率与统计直觉,164,可调样本量+实时统计+大小样本对比,样本越大越接近真实概率，但小样本的偏差极大,可调参数模拟,待开发,A级,2,图表型
布尔代数与逻辑门,信息论与编码,165,拖拽逻辑门组装电路+实时信号传递,AND/OR/NOT组合可计算任何逻辑，计算机的底层基础,交互叙事,待开发,B级,1,揭秘型
惠更斯标度变换,物理模拟,166,滚动圆动画+多种标度线切换,质点沿圆周的轨迹在不同参照系下呈现不同曲线,可调参数模拟,待开发,B级,1,画布型
调和级数与音率,艺术与数学,167,弦振动动画+谐波叠加+对应音频播放,弦的振动分解为基频+整数倍波，谐波系列决定音色,可调参数模拟,待开发,B级,1,图表型
反身比例要数定理,数学趣题,168,多类真实数据首位数字统计对比+理论曲线,随机数据中以数字1开头的概率约30%而非1/9，违反直觉,交互叙事,待开发,B级,1,揭秘型
团灵机(图灵完备),信息论与编码,169,可视化图灵机执行过程+用户可输入规则,一条无限纸带+有限状态即可计算任何可计算函数,可调参数模拟,待开发,A级,3,揭秘型
三十六计·连环计,中华智慧,170,多节点依赖链+触发级联动画,多步规划中每一步为下一步创造条件，多米诺骨牌效应,交互叙事,待开发,B级,1,对弈型
兆罗每尼拿取博弈,博弈与策略,171,用户对战AI+必胜策略可视化揭示,取最后一个物品的人输，逆向分析可得必胜策略,交互叙事,待开发,B级,1,对弈型
先手优势与后手优势,博弈与策略,172,多个小博弈对比+先后手优势分析,某些博弈先手必胜某些后手必胜，取决于规则结构,交互叙事,待开发,B级,1,对弈型
飞行时间膌变慢(狗义相对论),物理模拟,173,双子案例动画+洛伦兹变换可视化+速度滑块,速度越快时间越慢，光速不可超越,可调参数模拟,待开发,A级,3,揭秘型
双缝实验(观察者效应),物理模拟,174,有/无观察器切换+粒子与波动双模式动画,观察是否发生决定干涉条纹是否出现，量子力学的核心谜题,可调参数模拟,待开发,A级,3,揭秘型
市场微观结构(订单簿可视化),经济与金融,175,实时订单簿动画+成交匹配可视化,买卖订单匹配形成价格，Bid-Ask差价反映流动性,可调参数模拟,待开发,B级,1,图表型
报童问题(最优分配),数学趣题,176,多人分割博弈+公平性指标可视化,如何分蛋糕使得最不满意的人也满意，“我切你选”策略,交互叙事,待开发,B级,1,揭秘型
元胞自动机规则110,涌现与自组织,177,一维元胞自动机时空图+多规则切换,极简规则产生图灵完备的复杂度，Wolfram的发现,可调参数模拟,待开发,B级,1,画布型
反应扩散方程(图灵斑纹),涌现与自组织,178,双物质扩散模拟+参数可调产生不同图案,扩散+反应产生动物表皮斑纹、斑点、条纹等自组织图案,可调参数模拟,待开发,A级,3,画布型
交通流模拟(幽灵堵车),日常现象,179,车辆跟驰模拟+密度-速度图+扰动传播动画,无明显原因的堵车产生于微小扰动的放大效应，密度波向后传播,可调参数模拟,待开发,A级,3,画布型
维诺格拉德图(空间分割),数学趣题,180,种子点可拖拽+实时生成维诺诺图,给定种子点，空间中每个点属于最近的种子，自然界广泛存在,可调参数模拟,待开发,B级,1,画布型
拍频现象(车轮倒转),日常现象,181,旋转轮辐+采样率可调+偏移图案生成,采样频率与旋转频率不匹配时产生偏觉，车轮看似倒转,交互叙事,待开发,B级,1,揭秘型
维度诅咒(高维空间直觉),数学趣题,182,不同维度下的体积分布可视化+最近邻距离统计,高维空间中大部分体积集中在表面，随机点几乎都远离中心,可调参数模拟,待开发,A级,3,揭秘型
文化演化与模因,群体心理,183,多模因Agent竞争传播模拟+分布演变,思想像基因一样复制、变异、竞争，进化论适用于文化传播,可调参数模拟,待开发,A级,3,画布型
布里丹博弈(分钱策略),博弈与策略,184,多战场兵力分配+策略对比+纳什均衡计算,将军按比例分配兵力到多个战场，各战场投入多者胜，最优分配非直觉,交互叙事,待开发,B级,1,对弈型
辟谣效应(逆火效应),认知偏差,185,信念网络Agent模拟+辟谣前后信念变化统计,纠正谣言反而强化原有信念，重复谣言内容增加熟悉度,可调参数模拟,待开发,B级,1,画布型
恶性通货膨胀轮,经济与金融,186,货币发行量与购买力动态曲线,印钱→货币贬值→发更多钱补贴→更多贬值，正反馈崩溃,可调参数模拟,待开发,B级,1,图表型
规模法则(尺度与结构),生物与生态,187,体积/表面积比值随尺度变化+生物案例,体积增长比表面积快，所以大象不能有蚊子的形状，巨人會被自己压垃,交互叙事,待开发,B级,1,揭秘型
拼图可解性(组合爆炸),数学趣题,188,小规模穷举动画+组合数暴增可视化,棋盘/密码/卸化解街等问题的可能组合指数级增长，NP难问题直觉,交互叙事,待开发,B级,1,揭秘型
浑沌边缘(相变),混沌与非线性,189,相变图+临界点附近放大+参数空间可视化,有序与混沌的边界上发生最丰富的现象，复杂性的起源,可调参数模拟,待开发,A级,2,图表型
三十六计·欲擒故纵,中华智慧,190,多回合博弈+短视vs长视策略回报对比,短期放弃以获取长期更大回报，延迟满足的博弈版,交互叙事,待开发,B级,1,对弈型
调和分析(任何形状=圆之和),艺术与数学,191,交互叠加不同频率/振幅的圆+实时合成波形,任何周期函数可分解为正弦之和，圆的叠加产生任意形状,可调参数模拟,待开发,A级,3,图表型
种子用户与技术采纳曲线,网络与传播,192,网络Agent扩散模拟+S曲线拟合,新技术采纳沿S曲线传播：创新者→早期采用者→多数→落后者,可调参数模拟,待开发,B级,1,图表型
热传导与温度平衡,物理模拟,193,温度场热力图+不同材质导热系数对比,热量从高温向低温流动直到均匀，熵增的直觉演示,可调参数模拟,待开发,B级,1,画布型
库洛纳数(黄金分割),中华智慧,194,输入偶数→实时展示所有素数对拆分方式,分割偶数为两素数之和（哥德巴赫猜想的可视化）,交互叙事,待开发,B级,1,揭秘型
肥皂泡和最小曲面,物理模拟,195,肥皂泡物理模拟+边界约束拖拽,肥皂泡自动形成最小表面积结构，自然界的优化结果,可调参数模拟,待开发,B级,1,画布型
三体问题(不可预测性),混沌与非线性,196,三体引力模拟+轨迹可视化+初始条件可调,三个天体引力互作用无解析解，确定性规则产生不可预测轨迹,可调参数模拟,待开发,A级,3,画布型
三十六计·美人计(注意力博弈),中华智慧,197,注意力资源分配模拟+决策质量与干扰关系,通过分散对方注意力降低其决策质量，有限注意力资源的博弈,交互叙事,待开发,B级,1,对弈型
排队论与服务设计,日常现象,198,队列模拟+参数可调+等待时间曲线,到达率接近服务率时等待时间急剧上升，单队vs多队的差异,可调参数模拟,待开发,B级,1,图表型
马尔可夫链与文本生成,信息论与编码,199,训练文本输入→转移矩阵可视化→文本生成动画,基于前文概率的词语生成，GPT的最简化原理,交互叙事,待开发,B级,1,揭秘型
万物理论(宇宙起源简史),物理模拟,200,时间线交互叙事+每个阶段可探索的微观模拟,从大爆炸到元素形成到星系形成，简单规则的层层涌现,交互叙事,待开发,S级,7,揭秘型